<?xml version='1.0' encoding='UTF-8'?>
<widget xmlns="http://www.w3.org/ns/widgets" xmlns:intelxdk="http://xdk.intel.com/ns/v1" id="not.yet.specified" version="0.0.1" android-versionCode="1">
<!--This file is generated by the Intel XDK. Do not edit this file as your edits will be lost.           -->
<!--To change the contents of this file, see the documentation on the intelxdk.config.additions.xml file.-->
<intelxdk:version value="1.0"/>
<intelxdk:cordova-cli version="4.1.2"/>
<name>Handbook</name>
<content src="index.html"/>
<access origin="*"/>
<intelxdk:plugin intelxdk:value="org.apache.cordova.device" intelxdk:version="0.2.13" intelxdk:checksum="87180a02" intelxdk:type="file"/>
<intelxdk:plugin intelxdk:value="org.apache.cordova.splashscreen" intelxdk:version="0.3.5" intelxdk:checksum="ae76b446" intelxdk:type="file"/>
<preference name="android-minSdkVersion" value="10"/>
<preference name="android-targetSdkVersion" value="19"/>
<preference name="android-installLocation" value="auto"/>
<!--creationInfo:{"src":"","projectTypeName":"com.intel.xdk.projecttype.jsapp"}--></widget>